INSERT INTO impressions (banner_id, campaign_id) VALUES
    (101, 01),
    (102, 01),
    (103, 01),
    (104, 01),
    (105, 01),
    (106, 01),
    (107, 01),
    (108, 01),
    (109, 01),
    (110, 01),
    (111, 01),

    (101, 02),
    (102, 02),
    (103, 02),
    (104, 02),
    (105, 02),
    (106, 02),
    (107, 02),
    (108, 02),
    (109, 02),
    (110, 02),
    (111, 02),

    (101, 03),
    (102, 03),
    (103, 03),
    (104, 03),
    (105, 03),
    (106, 03),
    (107, 03),
    (108, 03),
    (109, 03),
    (110, 03),
    (111, 03),
    
    (101, 04),
    (102, 04),
    (103, 04),
    (104, 04),
    (105, 04),
    (106, 04),
    (107, 04),
    (108, 04),
    (109, 04),
    (110, 04),
    (111, 04);

INSERT INTO public.clicks_q1
    (click_id, banner_id, campaign_id)
VALUES
    (001, 101, 01),
    (002, 102, 01),
    (003, 103, 01),
    (004, 104, 01),
    (005, 105, 01),
    (006, 106, 01),
    (007, 107, 01),
    (008, 108, 01),
    (009, 109, 01),
    (010, 110, 01),
    (011, 111, 01),

    (012, 101, 02),
    (013, 102, 02),
    (014, 103, 02),
    (015, 104, 02),
    (016, 105, 02),
    (017, 106, 02),
    (018, 107, 02),
    (019, 108, 02),
    (020, 109, 02),
    (021, 110, 02),
    (022, 111, 02),

    (023, 101, 03),
    (024, 102, 03),
    (025, 103, 03),
    (026, 104, 03),
    (027, 105, 03),
    (028, 106, 03),
    (029, 107, 03),
    (030, 108, 03),
    (031, 109, 03),
    (032, 110, 03),
    (033, 111, 03),
    
    (034, 101, 04);

INSERT INTO public.clicks_q2
    (click_id, banner_id, campaign_id)
VALUES
    (001, 101, 01),
    (002, 102, 01),
    (003, 103, 01),
    (004, 104, 01),
    (005, 105, 01),
    (006, 106, 01),
    (007, 107, 01),
    (008, 108, 01),
    (009, 109, 01),
    (010, 110, 01),
    (011, 111, 01),

    (012, 101, 02),
    (013, 102, 02),
    (014, 103, 02),
    (015, 104, 02),
    (016, 105, 02),
    (017, 106, 02),
    (018, 107, 02),
    (019, 108, 02),
    (020, 109, 02),
    (021, 110, 02),
    (022, 111, 02),

    (023, 101, 03),
    (024, 102, 03),
    (025, 103, 03),
    (026, 104, 03),
    (027, 105, 03),
    (028, 106, 03),
    (029, 107, 03),
    (030, 108, 03),
    (031, 109, 03),
    (032, 110, 03),
    (033, 111, 03),
    
    (034, 101, 04);

INSERT INTO public.clicks_q3
    (click_id, banner_id, campaign_id)
VALUES
    (001, 101, 01),
    (002, 102, 01),
    (003, 103, 01),
    (004, 104, 01),
    (005, 105, 01),
    (006, 106, 01),
    (007, 107, 01),
    (008, 108, 01),
    (009, 109, 01),
    (010, 110, 01),
    (011, 111, 01),

    (012, 101, 02),
    (013, 102, 02),
    (014, 103, 02),
    (015, 104, 02),
    (016, 105, 02),
    (017, 106, 02),
    (018, 107, 02),
    (019, 108, 02),
    (020, 109, 02),
    (021, 110, 02),
    (022, 111, 02),

    (023, 101, 03),
    (024, 102, 03),
    (025, 103, 03),
    (026, 104, 03),
    (027, 105, 03),
    (028, 106, 03),
    (029, 107, 03),
    (030, 108, 03),
    (031, 109, 03),
    (032, 110, 03),
    (033, 111, 03),
    
    (034, 101, 04);

INSERT INTO public.clicks_q4
    (click_id, banner_id, campaign_id)
VALUES
    (001, 101, 01),
    (002, 102, 01),
    (003, 103, 01),
    (004, 104, 01),
    (005, 105, 01),
    (006, 106, 01),
    (007, 107, 01),
    (008, 108, 01),
    (009, 109, 01),
    (010, 110, 01),
    (011, 111, 01),

    (012, 101, 02),
    (013, 102, 02),
    (014, 103, 02),
    (015, 104, 02),
    (016, 105, 02),
    (017, 106, 02),
    (018, 107, 02),
    (019, 108, 02),
    (020, 109, 02),
    (021, 110, 02),
    (022, 111, 02),

    (023, 101, 03),
    (024, 102, 03),
    (025, 103, 03),
    (026, 104, 03),
    (027, 105, 03),
    (028, 106, 03),
    (029, 107, 03),
    (030, 108, 03),
    (031, 109, 03),
    (032, 110, 03),
    (033, 111, 03),
    
    (034, 101, 04);

INSERT INTO public.conversions_q1
    (conversion_id, click_id, revenue)
VALUES
    (001, 001, 11),
    (002, 002, 10),
    (003, 003, 9),
    (004, 004, 8),
    (005, 005, 7),
    (006, 006, 6),
    (007, 007, 5),
    (008, 008, 4),
    (009, 009, 3),
    (010, 010, 2),
    (011, 011, 1),

    (012, 012, 11),
    (013, 013, 10),
    (014, 014, 9),
    (015, 015, 8),
    (016, 016, 7),

    (017, 023, 11);

INSERT INTO public.conversions_q2
    (conversion_id, click_id, revenue)
VALUES
    (001, 001, 11),
    (002, 002, 10),
    (003, 003, 9),
    (004, 004, 8),
    (005, 005, 7),
    (006, 006, 6),
    (007, 007, 5),
    (008, 008, 4),
    (009, 009, 3),
    (010, 010, 2),
    (011, 011, 1),

    (012, 012, 11),
    (013, 013, 10),
    (014, 014, 9),
    (015, 015, 8),
    (016, 016, 7),

    (017, 023, 11);

INSERT INTO public.conversions_q3
    (conversion_id, click_id, revenue)
VALUES
    (001, 001, 11),
    (002, 002, 10),
    (003, 003, 9),
    (004, 004, 8),
    (005, 005, 7),
    (006, 006, 6),
    (007, 007, 5),
    (008, 008, 4),
    (009, 009, 3),
    (010, 010, 2),
    (011, 011, 1),

    (012, 012, 11),
    (013, 013, 10),
    (014, 014, 9),
    (015, 015, 8),
    (016, 016, 7),

    (017, 023, 11);

INSERT INTO public.conversions_q4
    (conversion_id, click_id, revenue)
VALUES
    (001, 001, 11),
    (002, 002, 10),
    (003, 003, 9),
    (004, 004, 8),
    (005, 005, 7),
    (006, 006, 6),
    (007, 007, 5),
    (008, 008, 4),
    (009, 009, 3),
    (010, 010, 2),
    (011, 011, 1),

    (012, 012, 11),
    (013, 013, 10),
    (014, 014, 9),
    (015, 015, 8),
    (016, 016, 7),

    (017, 023, 11);